<?xml version="1.0"?>
<Runs Version="1" Minor="0">
	<Run Id="mux4x3_andgate3_0_0_synth_1" LaunchDir="C:/Users/calvin/shiyan3-3/shiyan3-3.runs/mux4x3_andgate3_0_0_synth_1" FlowId="Vivado_Synthesis" FromStepId="vivado" ToStepId="vivado"/>
	<Run Id="mux4x3_orgate3_0_0_synth_1" LaunchDir="C:/Users/calvin/shiyan3-3/shiyan3-3.runs/mux4x3_orgate3_0_0_synth_1" FlowId="Vivado_Synthesis" FromStepId="vivado" ToStepId="vivado"/>
	<Run Id="mux4x3_andgate3_1_0_synth_1" LaunchDir="C:/Users/calvin/shiyan3-3/shiyan3-3.runs/mux4x3_andgate3_1_0_synth_1" FlowId="Vivado_Synthesis" FromStepId="vivado" ToStepId="vivado" IsOrderedIPRun="true">
		<Parent Id="mux4x3_andgate3_0_0_synth_1"/>
	</Run>
	<Run Id="mux4x3_notgate_1_0_synth_1" LaunchDir="C:/Users/calvin/shiyan3-3/shiyan3-3.runs/mux4x3_notgate_1_0_synth_1" FlowId="Vivado_Synthesis" FromStepId="vivado" ToStepId="vivado"/>
	<Run Id="mux4x3_andgate3_3_0_synth_1" LaunchDir="C:/Users/calvin/shiyan3-3/shiyan3-3.runs/mux4x3_andgate3_3_0_synth_1" FlowId="Vivado_Synthesis" FromStepId="vivado" ToStepId="vivado" IsOrderedIPRun="true">
		<Parent Id="mux4x3_andgate3_0_0_synth_1"/>
	</Run>
	<Run Id="mux4x3_notgate_0_0_synth_1" LaunchDir="C:/Users/calvin/shiyan3-3/shiyan3-3.runs/mux4x3_notgate_0_0_synth_1" FlowId="Vivado_Synthesis" FromStepId="vivado" ToStepId="vivado" IsOrderedIPRun="true">
		<Parent Id="mux4x3_notgate_1_0_synth_1"/>
	</Run>
	<Run Id="mux4x3_andgate3_2_0_synth_1" LaunchDir="C:/Users/calvin/shiyan3-3/shiyan3-3.runs/mux4x3_andgate3_2_0_synth_1" FlowId="Vivado_Synthesis" FromStepId="vivado" ToStepId="vivado" IsOrderedIPRun="true">
		<Parent Id="mux4x3_andgate3_0_0_synth_1"/>
	</Run>
	<Run Id="synth_1" LaunchDir="C:/Users/calvin/shiyan3-3/shiyan3-3.runs/synth_1" FlowId="Vivado_Synthesis" FromStepId="vivado" ToStepId="vivado">
		<Parent Id="mux4x3_andgate3_0_0_synth_1"/>
		<Parent Id="mux4x3_orgate3_0_0_synth_1"/>
		<Parent Id="mux4x3_andgate3_1_0_synth_1"/>
		<Parent Id="mux4x3_notgate_1_0_synth_1"/>
		<Parent Id="mux4x3_andgate3_3_0_synth_1"/>
		<Parent Id="mux4x3_notgate_0_0_synth_1"/>
		<Parent Id="mux4x3_andgate3_2_0_synth_1"/>
	</Run>
	<Parameters>
		<Parameter Name="runs.monitorLSFJobs" Val="true" Type="bool"/>
	</Parameters>
</Runs>

