<?xml version="1.0" encoding="UTF-8"?>
<GenRun Id="impl_1" LaunchPart="xc7a35tcpg236-1" LaunchTime="1634978394">
  <File Type="BITSTR-BMM" Name="mux4x3_wrapper_bd.bmm"/>
  <File Type="ROUTE-PWR" Name="mux4x3_wrapper_power_routed.rpt"/>
  <File Type="PA-TCL" Name="mux4x3_wrapper.tcl"/>
  <File Type="OPT-DCP" Name="mux4x3_wrapper_opt.dcp"/>
  <File Type="ROUTE-PWR-SUM" Name="mux4x3_wrapper_power_summary_routed.pb"/>
  <File Type="REPORTS-TCL" Name="mux4x3_wrapper_reports.tcl"/>
  <File Type="OPT-DRC" Name="mux4x3_wrapper_drc_opted.rpt"/>
  <File Type="OPT-HWDEF" Name="mux4x3_wrapper.hwdef"/>
  <File Type="PWROPT-DCP" Name="mux4x3_wrapper_pwropt.dcp"/>
  <File Type="PLACE-DCP" Name="mux4x3_wrapper_placed.dcp"/>
  <File Type="PLACE-IO" Name="mux4x3_wrapper_io_placed.rpt"/>
  <File Type="PLACE-UTIL" Name="mux4x3_wrapper_utilization_placed.rpt"/>
  <File Type="PLACE-UTIL-PB" Name="mux4x3_wrapper_utilization_placed.pb"/>
  <File Type="PLACE-CTRL" Name="mux4x3_wrapper_control_sets_placed.rpt"/>
  <File Type="PLACE-PRE-SIMILARITY" Name="mux4x3_wrapper_incremental_reuse_pre_placed.rpt"/>
  <File Type="BG-BGN" Name="mux4x3_wrapper.bgn"/>
  <File Type="POSTPLACE-PWROPT-DCP" Name="mux4x3_wrapper_postplace_pwropt.dcp"/>
  <File Type="BG-BIN" Name="mux4x3_wrapper.bin"/>
  <File Type="PHYSOPT-DCP" Name="mux4x3_wrapper_physopt.dcp"/>
  <File Type="BITSTR-MSK" Name="mux4x3_wrapper.msk"/>
  <File Type="ROUTE-ERROR-DCP" Name="mux4x3_wrapper_routed_error.dcp"/>
  <File Type="ROUTE-DCP" Name="mux4x3_wrapper_routed.dcp"/>
  <File Type="ROUTE-BLACKBOX-DCP" Name="mux4x3_wrapper_routed_bb.dcp"/>
  <File Type="ROUTE-DRC" Name="mux4x3_wrapper_drc_routed.rpt"/>
  <File Type="ROUTE-DRC-PB" Name="mux4x3_wrapper_drc_routed.pb"/>
  <File Type="BITSTR-LTX" Name="mux4x3_wrapper.ltx"/>
  <File Type="ROUTE-DRC-RPX" Name="mux4x3_wrapper_drc_routed.rpx"/>
  <File Type="BITSTR-MMI" Name="mux4x3_wrapper.mmi"/>
  <File Type="ROUTE-METHODOLOGY-DRC" Name="mux4x3_wrapper_methodology_drc_routed.rpt"/>
  <File Type="ROUTE-METHODOLOGY-DRC-RPX" Name="mux4x3_wrapper_methodology_drc_routed.rpx"/>
  <File Type="BITSTR-SYSDEF" Name="mux4x3_wrapper.sysdef"/>
  <File Type="ROUTE-METHODOLOGY-DRC-PB" Name="mux4x3_wrapper_methodology_drc_routed.pb"/>
  <File Type="ROUTE-PWR-RPX" Name="mux4x3_wrapper_power_routed.rpx"/>
  <File Type="ROUTE-STATUS" Name="mux4x3_wrapper_route_status.rpt"/>
  <File Type="ROUTE-STATUS-PB" Name="mux4x3_wrapper_route_status.pb"/>
  <File Type="ROUTE-TIMINGSUMMARY" Name="mux4x3_wrapper_timing_summary_routed.rpt"/>
  <File Type="ROUTE-TIMING-PB" Name="mux4x3_wrapper_timing_summary_routed.pb"/>
  <File Type="ROUTE-TIMING-RPX" Name="mux4x3_wrapper_timing_summary_routed.rpx"/>
  <File Type="RDI-RDI" Name="mux4x3_wrapper.vdi"/>
  <File Type="ROUTE-CLK" Name="mux4x3_wrapper_clock_utilization_routed.rpt"/>
  <File Type="ROUTE-BUS-SKEW" Name="mux4x3_wrapper_bus_skew_routed.rpt"/>
  <File Type="ROUTE-BUS-SKEW-PB" Name="mux4x3_wrapper_bus_skew_routed.pb"/>
  <File Type="ROUTE-BUS-SKEW-RPX" Name="mux4x3_wrapper_bus_skew_routed.rpx"/>
  <File Type="POSTROUTE-PHYSOPT-DCP" Name="mux4x3_wrapper_postroute_physopt.dcp"/>
  <File Type="POSTROUTE-PHYSOPT-BLACKBOX-DCP" Name="mux4x3_wrapper_postroute_physopt_bb.dcp"/>
  <File Type="BG-BIT" Name="mux4x3_wrapper.bit"/>
  <File Type="BITSTR-RBT" Name="mux4x3_wrapper.rbt"/>
  <File Type="BITSTR-NKY" Name="mux4x3_wrapper.nky"/>
  <File Type="BG-DRC" Name="mux4x3_wrapper.drc"/>
  <File Type="WBT-USG" Name="usage_statistics_webtalk.html"/>
  <FileSet Name="sources" Type="DesignSrcs" RelSrcDir="$PSRCDIR/sources_1">
    <Filter Type="Srcs"/>
    <File Path="$PSRCDIR/sources_1/bd/mux4x3/mux4x3.bd">
      <FileInfo>
        <Attr Name="UsedIn" Val="synthesis"/>
        <Attr Name="UsedIn" Val="implementation"/>
        <Attr Name="UsedIn" Val="simulation"/>
      </FileInfo>
    </File>
    <File Path="$PSRCDIR/sources_1/imports/hdl/mux4x3_wrapper.v">
      <FileInfo>
        <Attr Name="ImportPath" Val="$PSRCDIR/sources_1/bd/mux4x3/hdl/mux4x3_wrapper.v"/>
        <Attr Name="ImportTime" Val="1634750785"/>
        <Attr Name="UsedIn" Val="synthesis"/>
        <Attr Name="UsedIn" Val="implementation"/>
        <Attr Name="UsedIn" Val="simulation"/>
      </FileInfo>
    </File>
    <File Path="$PSRCDIR/sources_1/new/mux4x1.v">
      <FileInfo>
        <Attr Name="AutoDisabled" Val="1"/>
        <Attr Name="UsedIn" Val="synthesis"/>
        <Attr Name="UsedIn" Val="implementation"/>
        <Attr Name="UsedIn" Val="simulation"/>
      </FileInfo>
    </File>
    <Config>
      <Option Name="DesignMode" Val="RTL"/>
      <Option Name="TopModule" Val="mux4x3_wrapper"/>
    </Config>
  </FileSet>
  <FileSet Name="constrs_in" Type="Constrs" RelSrcDir="$PSRCDIR/constrs_1">
    <Filter Type="Constrs"/>
    <File Path="$PSRCDIR/constrs_1/new/mux4x3.xdc">
      <FileInfo>
        <Attr Name="UsedIn" Val="synthesis"/>
        <Attr Name="UsedIn" Val="implementation"/>
      </FileInfo>
    </File>
    <Config>
      <Option Name="TargetConstrsFile" Val="$PSRCDIR/constrs_1/new/mux4x3.xdc"/>
      <Option Name="ConstrsType" Val="XDC"/>
    </Config>
  </FileSet>
  <FileSet Name="utils" Type="Utils" RelSrcDir="$PSRCDIR/utils_1">
    <Filter Type="Utils"/>
    <Config>
      <Option Name="TopAutoSet" Val="TRUE"/>
    </Config>
  </FileSet>
  <Strategy Version="1" Minor="2">
    <StratHandle Name="Vivado Implementation Defaults" Flow="Vivado Implementation 2018"/>
    <Step Id="init_design"/>
    <Step Id="opt_design"/>
    <Step Id="power_opt_design"/>
    <Step Id="place_design"/>
    <Step Id="post_place_power_opt_design"/>
    <Step Id="phys_opt_design"/>
    <Step Id="route_design"/>
    <Step Id="post_route_phys_opt_design"/>
    <Step Id="write_bitstream"/>
  </Strategy>
  <BlockFileSet Type="BlockSrcs" Name="mux4x3_andgate3_0_0"/>
  <BlockFileSet Type="BlockSrcs" Name="mux4x3_orgate3_0_0"/>
  <BlockFileSet Type="BlockSrcs" Name="mux4x3_andgate3_1_0"/>
  <BlockFileSet Type="BlockSrcs" Name="mux4x3_notgate_1_0"/>
  <BlockFileSet Type="BlockSrcs" Name="mux4x3_andgate3_3_0"/>
  <BlockFileSet Type="BlockSrcs" Name="mux4x3_notgate_0_0"/>
  <BlockFileSet Type="BlockSrcs" Name="mux4x3_andgate3_2_0"/>
</GenRun>
