<?xml version="1.0" encoding="UTF-8"?>
<GenRun Id="synth_1" LaunchPart="xc7a35tcpg236-1" LaunchTime="1637167692">
  <File Type="PA-TCL" Name="digital_clock.tcl"/>
  <File Type="RDS-PROPCONSTRS" Name="digital_clock_drc_synth.rpt"/>
  <File Type="REPORTS-TCL" Name="digital_clock_reports.tcl"/>
  <File Type="RDS-RDS" Name="digital_clock.vds"/>
  <File Type="RDS-UTIL" Name="digital_clock_utilization_synth.rpt"/>
  <File Type="RDS-UTIL-PB" Name="digital_clock_utilization_synth.pb"/>
  <File Type="RDS-DCP" Name="digital_clock.dcp"/>
  <File Type="VDS-TIMINGSUMMARY" Name="digital_clock_timing_summary_synth.rpt"/>
  <File Type="VDS-TIMING-PB" Name="digital_clock_timing_summary_synth.pb"/>
  <FileSet Name="sources" Type="DesignSrcs" RelSrcDir="$PSRCDIR/sources_1">
    <Filter Type="Srcs"/>
    <File Path="$PSRCDIR/sources_1/new/digital_clock.v">
      <FileInfo>
        <Attr Name="UsedIn" Val="synthesis"/>
        <Attr Name="UsedIn" Val="implementation"/>
        <Attr Name="UsedIn" Val="simulation"/>
      </FileInfo>
    </File>
    <Config>
      <Option Name="DesignMode" Val="RTL"/>
      <Option Name="TopModule" Val="digital_clock"/>
    </Config>
  </FileSet>
  <FileSet Name="constrs_in" Type="Constrs" RelSrcDir="$PSRCDIR/constrs_1">
    <Filter Type="Constrs"/>
    <File Path="$PSRCDIR/constrs_1/new/digital_clock.xdc">
      <FileInfo>
        <Attr Name="UsedIn" Val="synthesis"/>
        <Attr Name="UsedIn" Val="implementation"/>
      </FileInfo>
    </File>
    <Config>
      <Option Name="TargetConstrsFile" Val="$PSRCDIR/constrs_1/new/digital_clock.xdc"/>
      <Option Name="ConstrsType" Val="XDC"/>
    </Config>
  </FileSet>
  <FileSet Name="utils" Type="Utils" RelSrcDir="$PSRCDIR/utils_1">
    <Filter Type="Utils"/>
    <Config>
      <Option Name="TopAutoSet" Val="TRUE"/>
    </Config>
  </FileSet>
  <Strategy Version="1" Minor="2">
    <StratHandle Name="Vivado Synthesis Defaults" Flow="Vivado Synthesis 2018"/>
    <Step Id="synth_design"/>
  </Strategy>
</GenRun>
