<?xml version="1.0" encoding="UTF-8"?>
<GenRun Id="synth_1" LaunchPart="xc7a35tcpg236-1" LaunchTime="1634978271">
  <File Type="PA-TCL" Name="mux4x3_wrapper.tcl"/>
  <File Type="REPORTS-TCL" Name="mux4x3_wrapper_reports.tcl"/>
  <File Type="RDS-RDS" Name="mux4x3_wrapper.vds"/>
  <File Type="RDS-UTIL" Name="mux4x3_wrapper_utilization_synth.rpt"/>
  <File Type="RDS-UTIL-PB" Name="mux4x3_wrapper_utilization_synth.pb"/>
  <File Type="RDS-DCP" Name="mux4x3_wrapper.dcp"/>
  <FileSet Name="sources" Type="DesignSrcs" RelSrcDir="$PSRCDIR/sources_1">
    <Filter Type="Srcs"/>
    <File Path="$PSRCDIR/sources_1/bd/mux4x3/mux4x3.bd">
      <FileInfo>
        <Attr Name="UsedIn" Val="synthesis"/>
        <Attr Name="UsedIn" Val="implementation"/>
        <Attr Name="UsedIn" Val="simulation"/>
      </FileInfo>
    </File>
    <File Path="$PSRCDIR/sources_1/imports/hdl/mux4x3_wrapper.v">
      <FileInfo>
        <Attr Name="ImportPath" Val="$PSRCDIR/sources_1/bd/mux4x3/hdl/mux4x3_wrapper.v"/>
        <Attr Name="ImportTime" Val="1634750785"/>
        <Attr Name="UsedIn" Val="synthesis"/>
        <Attr Name="UsedIn" Val="implementation"/>
        <Attr Name="UsedIn" Val="simulation"/>
      </FileInfo>
    </File>
    <File Path="$PSRCDIR/sources_1/new/mux4x1.v">
      <FileInfo>
        <Attr Name="AutoDisabled" Val="1"/>
        <Attr Name="UsedIn" Val="synthesis"/>
        <Attr Name="UsedIn" Val="implementation"/>
        <Attr Name="UsedIn" Val="simulation"/>
      </FileInfo>
    </File>
    <Config>
      <Option Name="DesignMode" Val="RTL"/>
      <Option Name="TopModule" Val="mux4x3_wrapper"/>
    </Config>
  </FileSet>
  <FileSet Name="constrs_in" Type="Constrs" RelSrcDir="$PSRCDIR/constrs_1">
    <Filter Type="Constrs"/>
    <File Path="$PSRCDIR/constrs_1/new/mux4x3.xdc">
      <FileInfo>
        <Attr Name="UsedIn" Val="synthesis"/>
        <Attr Name="UsedIn" Val="implementation"/>
      </FileInfo>
    </File>
    <Config>
      <Option Name="TargetConstrsFile" Val="$PSRCDIR/constrs_1/new/mux4x3.xdc"/>
      <Option Name="ConstrsType" Val="XDC"/>
    </Config>
  </FileSet>
  <FileSet Name="utils" Type="Utils" RelSrcDir="$PSRCDIR/utils_1">
    <Filter Type="Utils"/>
    <Config>
      <Option Name="TopAutoSet" Val="TRUE"/>
    </Config>
  </FileSet>
  <Strategy Version="1" Minor="2">
    <StratHandle Name="Vivado Synthesis Defaults" Flow="Vivado Synthesis 2018"/>
    <Step Id="synth_design"/>
  </Strategy>
  <BlockFileSet Type="BlockSrcs" Name="mux4x3_andgate3_0_0"/>
  <BlockFileSet Type="BlockSrcs" Name="mux4x3_orgate3_0_0"/>
  <BlockFileSet Type="BlockSrcs" Name="mux4x3_andgate3_1_0"/>
  <BlockFileSet Type="BlockSrcs" Name="mux4x3_notgate_1_0"/>
  <BlockFileSet Type="BlockSrcs" Name="mux4x3_andgate3_3_0"/>
  <BlockFileSet Type="BlockSrcs" Name="mux4x3_notgate_0_0"/>
  <BlockFileSet Type="BlockSrcs" Name="mux4x3_andgate3_2_0"/>
</GenRun>
