<?xml version="1.0" encoding="UTF-8"?>
<GenRun Id="impl_1" LaunchPart="xc7a35tcpg236-1" LaunchTime="1634997411">
  <File Type="BITSTR-BMM" Name="mux4x3_bd.bmm"/>
  <File Type="OPT-METHODOLOGY-DRC" Name="mux4x3_methodology_drc_opted.rpt"/>
  <File Type="INIT-TIMING" Name="mux4x3_timing_summary_init.rpt"/>
  <File Type="ROUTE-PWR" Name="mux4x3_power_routed.rpt"/>
  <File Type="PA-TCL" Name="mux4x3.tcl"/>
  <File Type="OPT-TIMING" Name="mux4x3_timing_summary_opted.rpt"/>
  <File Type="OPT-DCP" Name="mux4x3_opt.dcp"/>
  <File Type="ROUTE-PWR-SUM" Name="mux4x3_power_summary_routed.pb"/>
  <File Type="REPORTS-TCL" Name="mux4x3_reports.tcl"/>
  <File Type="OPT-DRC" Name="mux4x3_drc_opted.rpt"/>
  <File Type="OPT-HWDEF" Name="mux4x3.hwdef"/>
  <File Type="PWROPT-DCP" Name="mux4x3_pwropt.dcp"/>
  <File Type="PWROPT-DRC" Name="mux4x3_drc_pwropted.rpt"/>
  <File Type="PWROPT-TIMING" Name="mux4x3_timing_summary_pwropted.rpt"/>
  <File Type="PLACE-DCP" Name="mux4x3_placed.dcp"/>
  <File Type="PLACE-IO" Name="mux4x3_io_placed.rpt"/>
  <File Type="PLACE-CLK" Name="mux4x3_clock_utilization_placed.rpt"/>
  <File Type="PLACE-UTIL" Name="mux4x3_utilization_placed.rpt"/>
  <File Type="PLACE-UTIL-PB" Name="mux4x3_utilization_placed.pb"/>
  <File Type="PLACE-CTRL" Name="mux4x3_control_sets_placed.rpt"/>
  <File Type="PLACE-SIMILARITY" Name="mux4x3_incremental_reuse_placed.rpt"/>
  <File Type="PLACE-PRE-SIMILARITY" Name="mux4x3_incremental_reuse_pre_placed.rpt"/>
  <File Type="BG-BGN" Name="mux4x3.bgn"/>
  <File Type="PLACE-TIMING" Name="mux4x3_timing_summary_placed.rpt"/>
  <File Type="POSTPLACE-PWROPT-DCP" Name="mux4x3_postplace_pwropt.dcp"/>
  <File Type="BG-BIN" Name="mux4x3.bin"/>
  <File Type="POSTPLACE-PWROPT-TIMING" Name="mux4x3_timing_summary_postplace_pwropted.rpt"/>
  <File Type="PHYSOPT-DCP" Name="mux4x3_physopt.dcp"/>
  <File Type="PHYSOPT-DRC" Name="mux4x3_drc_physopted.rpt"/>
  <File Type="BITSTR-MSK" Name="mux4x3.msk"/>
  <File Type="PHYSOPT-TIMING" Name="mux4x3_timing_summary_physopted.rpt"/>
  <File Type="ROUTE-ERROR-DCP" Name="mux4x3_routed_error.dcp"/>
  <File Type="ROUTE-DCP" Name="mux4x3_routed.dcp"/>
  <File Type="ROUTE-BLACKBOX-DCP" Name="mux4x3_routed_bb.dcp"/>
  <File Type="ROUTE-DRC" Name="mux4x3_drc_routed.rpt"/>
  <File Type="ROUTE-DRC-PB" Name="mux4x3_drc_routed.pb"/>
  <File Type="BITSTR-LTX" Name="debug_nets.ltx"/>
  <File Type="BITSTR-LTX" Name="mux4x3.ltx"/>
  <File Type="ROUTE-DRC-RPX" Name="mux4x3_drc_routed.rpx"/>
  <File Type="BITSTR-MMI" Name="mux4x3.mmi"/>
  <File Type="ROUTE-METHODOLOGY-DRC" Name="mux4x3_methodology_drc_routed.rpt"/>
  <File Type="ROUTE-METHODOLOGY-DRC-RPX" Name="mux4x3_methodology_drc_routed.rpx"/>
  <File Type="BITSTR-SYSDEF" Name="mux4x3.sysdef"/>
  <File Type="ROUTE-METHODOLOGY-DRC-PB" Name="mux4x3_methodology_drc_routed.pb"/>
  <File Type="ROUTE-PWR-RPX" Name="mux4x3_power_routed.rpx"/>
  <File Type="ROUTE-STATUS" Name="mux4x3_route_status.rpt"/>
  <File Type="ROUTE-STATUS-PB" Name="mux4x3_route_status.pb"/>
  <File Type="ROUTE-TIMINGSUMMARY" Name="mux4x3_timing_summary_routed.rpt"/>
  <File Type="ROUTE-TIMING-PB" Name="mux4x3_timing_summary_routed.pb"/>
  <File Type="ROUTE-TIMING-RPX" Name="mux4x3_timing_summary_routed.rpx"/>
  <File Type="ROUTE-SIMILARITY" Name="mux4x3_incremental_reuse_routed.rpt"/>
  <File Type="ROUTE-CLK" Name="mux4x3_clock_utilization_routed.rpt"/>
  <File Type="ROUTE-BUS-SKEW" Name="mux4x3_bus_skew_routed.rpt"/>
  <File Type="ROUTE-BUS-SKEW-PB" Name="mux4x3_bus_skew_routed.pb"/>
  <File Type="ROUTE-BUS-SKEW-RPX" Name="mux4x3_bus_skew_routed.rpx"/>
  <File Type="POSTROUTE-PHYSOPT-DCP" Name="mux4x3_postroute_physopt.dcp"/>
  <File Type="POSTROUTE-PHYSOPT-BLACKBOX-DCP" Name="mux4x3_postroute_physopt_bb.dcp"/>
  <File Type="POSTROUTE-PHYSOPT-TIMING" Name="mux4x3_timing_summary_postroute_physopted.rpt"/>
  <File Type="POSTROUTE-PHYSOPT-TIMING-PB" Name="mux4x3_timing_summary_postroute_physopted.pb"/>
  <File Type="POSTROUTE-PHYSOPT-TIMING-RPX" Name="mux4x3_timing_summary_postroute_physopted.rpx"/>
  <File Type="POSTROUTE-PHYSOPT-BUS-SKEW" Name="mux4x3_bus_skew_postroute_physopted.rpt"/>
  <File Type="POSTROUTE-PHYSOPT-BUS-SKEW-PB" Name="mux4x3_bus_skew_postroute_physopted.pb"/>
  <File Type="BG-BIT" Name="mux4x3.bit"/>
  <File Type="POSTROUTE-PHYSOPT-BUS-SKEW-RPX" Name="mux4x3_bus_skew_postroute_physopted.rpx"/>
  <File Type="BITSTR-RBT" Name="mux4x3.rbt"/>
  <File Type="BITSTR-NKY" Name="mux4x3.nky"/>
  <File Type="BG-DRC" Name="mux4x3.drc"/>
  <File Type="RDI-RDI" Name="mux4x3.vdi"/>
  <File Type="WBT-USG" Name="usage_statistics_webtalk.html"/>
  <FileSet Name="sources" Type="DesignSrcs" RelSrcDir="$PSRCDIR/sources_1">
    <Filter Type="Srcs"/>
    <File Path="$PSRCDIR/sources_1/new/mux4x3.v">
      <FileInfo>
        <Attr Name="UsedIn" Val="synthesis"/>
        <Attr Name="UsedIn" Val="implementation"/>
        <Attr Name="UsedIn" Val="simulation"/>
      </FileInfo>
    </File>
    <Config>
      <Option Name="DesignMode" Val="RTL"/>
      <Option Name="TopModule" Val="mux4x3"/>
      <Option Name="TopAutoSet" Val="TRUE"/>
    </Config>
  </FileSet>
  <FileSet Name="constrs_in" Type="Constrs" RelSrcDir="$PSRCDIR/constrs_1">
    <Filter Type="Constrs"/>
    <File Path="$PSRCDIR/constrs_1/new/MUX4X3.xdc">
      <FileInfo>
        <Attr Name="UsedIn" Val="synthesis"/>
        <Attr Name="UsedIn" Val="implementation"/>
      </FileInfo>
    </File>
    <Config>
      <Option Name="TargetConstrsFile" Val="$PSRCDIR/constrs_1/new/MUX4X3.xdc"/>
      <Option Name="ConstrsType" Val="XDC"/>
    </Config>
  </FileSet>
  <FileSet Name="utils" Type="Utils" RelSrcDir="$PSRCDIR/utils_1">
    <Filter Type="Utils"/>
    <Config>
      <Option Name="TopAutoSet" Val="TRUE"/>
    </Config>
  </FileSet>
  <Strategy Version="1" Minor="2">
    <StratHandle Name="Vivado Implementation Defaults" Flow="Vivado Implementation 2018"/>
    <Step Id="init_design"/>
    <Step Id="opt_design"/>
    <Step Id="power_opt_design"/>
    <Step Id="place_design"/>
    <Step Id="post_place_power_opt_design"/>
    <Step Id="phys_opt_design"/>
    <Step Id="route_design"/>
    <Step Id="post_route_phys_opt_design"/>
    <Step Id="write_bitstream"/>
  </Strategy>
</GenRun>
